date,followers,likes,comments,shares,post_id
2021-01-01,3732,164,33,23,post_1
2021-01-02,3607,336,12,72,post_2
2021-01-03,2653,79,32,0,post_3
2021-01-04,4264,291,41,87,post_4
2021-01-05,1835,339,16,37,post_5
2021-01-06,1763,196,2,63,post_6
2021-01-07,2731,323,8,26,post_7
2021-01-08,4431,271,10,89,post_8
2021-01-09,2033,390,48,89,post_9
2021-01-10,4795,52,26,6,post_10
2021-01-11,1277,119,27,88,post_11
2021-01-12,2778,407,1,79,post_12
2021-01-13,2828,446,0,41,post_13
2021-01-14,3647,94,5,17,post_14
2021-01-15,4142,423,24,80,post_15
2021-01-16,4544,303,34,43,post_16
2021-01-17,3648,372,15,69,post_17
2021-01-18,4468,161,3,19,post_18
2021-01-19,3362,141,46,22,post_19
2021-01-20,1705,391,37,11,post_20
2021-01-21,4558,473,43,11,post_21
2021-01-22,3599,89,19,33,post_22
2021-01-23,3135,200,24,7,post_23
2021-01-24,3222,464,6,26,post_24
2021-01-25,4672,195,20,48,post_25
2021-01-26,3897,248,6,71,post_26
2021-01-27,2701,324,28,54,post_27
2021-01-28,1537,398,6,96,post_28
2021-01-29,3893,93,2,82,post_29
2021-01-30,3120,133,28,87,post_30
2021-01-31,3825,483,28,21,post_31
2021-02-01,2940,347,38,2,post_32
2021-02-02,3163,143,37,8,post_33
2021-02-03,1976,224,5,10,post_34
2021-02-04,1755,455,45,5,post_35
2021-02-05,4781,251,9,38,post_36
2021-02-06,3046,395,36,38,post_37
2021-02-07,2871,379,13,65,post_38
2021-02-08,4503,78,21,59,post_39
2021-02-09,3496,259,31,36,post_40
2021-02-10,3898,155,17,5,post_41
2021-02-11,1099,492,35,5,post_42
2021-02-12,3008,434,45,38,post_43
2021-02-13,4249,113,8,35,post_44
2021-02-14,1755,66,25,88,post_45
2021-02-15,1797,156,21,49,post_46
2021-02-16,1659,214,45,79,post_47
2021-02-17,4219,144,37,84,post_48
2021-02-18,3958,74,22,9,post_49
2021-02-19,1423,166,16,4,post_50
2021-02-20,4360,241,25,49,post_51
2021-02-21,4337,245,46,24,post_52
2021-02-22,3745,357,37,94,post_53
2021-02-23,1639,186,1,2,post_54
2021-02-24,1544,490,5,83,post_55
2021-02-25,3591,397,6,3,post_56
2021-02-26,1714,143,12,77,post_57
2021-02-27,3292,429,26,11,post_58
2021-02-28,1151,288,10,13,post_59
2021-03-01,3723,137,14,81,post_60
2021-03-02,3558,210,8,26,post_61
2021-03-03,4531,197,7,70,post_62
2021-03-04,3930,122,45,47,post_63
2021-03-05,2207,137,5,98,post_64
2021-03-06,3076,63,47,21,post_65
2021-03-07,1802,364,42,20,post_66
2021-03-08,3176,131,3,42,post_67
2021-03-09,3176,170,10,57,post_68
2021-03-10,2956,422,27,17,post_69
2021-03-11,4125,489,25,89,post_70
2021-03-12,2925,370,3,85,post_71
2021-03-13,4622,253,14,55,post_72
2021-03-14,4560,270,18,68,post_73
2021-03-15,1756,470,5,98,post_74
2021-03-16,1273,331,4,11,post_75
2021-03-17,3383,338,17,98,post_76
2021-03-18,1388,476,5,97,post_77
2021-03-19,2641,320,30,19,post_78
2021-03-20,4114,334,24,11,post_79
2021-03-21,2466,326,3,97,post_80
2021-03-22,3591,374,5,25,post_81
2021-03-23,1888,72,40,97,post_82
2021-03-24,1257,277,36,95,post_83
2021-03-25,2345,428,49,45,post_84
2021-03-26,3105,133,24,6,post_85
2021-03-27,3339,185,33,89,post_86
2021-03-28,4942,111,18,88,post_87
2021-03-29,4191,191,33,38,post_88
2021-03-30,3827,55,14,51,post_89
2021-03-31,1430,306,49,16,post_90
2021-04-01,4154,186,7,23,post_91
2021-04-02,1091,257,43,90,post_92
2021-04-03,2920,487,46,3,post_93
2021-04-04,3446,189,48,90,post_94
2021-04-05,3659,54,33,46,post_95
2021-04-06,2589,473,17,29,post_96
2021-04-07,3956,398,29,2,post_97
2021-04-08,3681,479,12,5,post_98
2021-04-09,1084,332,46,71,post_99
2021-04-10,3251,124,32,15,post_100
2021-04-11,1324,358,34,78,post_101
2021-04-12,1774,483,23,35,post_102
2021-04-13,4012,269,25,52,post_103
2021-04-14,2071,357,46,7,post_104
2021-04-15,1639,277,43,51,post_105
2021-04-16,3036,411,41,51,post_106
2021-04-17,2155,324,46,29,post_107
2021-04-18,1972,423,0,55,post_108
2021-04-19,3916,340,12,11,post_109
2021-04-20,2204,101,9,67,post_110
2021-04-21,3024,208,18,77,post_111
2021-04-22,4918,487,4,55,post_112
2021-04-23,2167,364,7,88,post_113
2021-04-24,2684,477,3,68,post_114
2021-04-25,4299,361,48,86,post_115
2021-04-26,4002,324,12,57,post_116
2021-04-27,3839,479,37,93,post_117
2021-04-28,3767,393,45,11,post_118
2021-04-29,3957,499,48,78,post_119
2021-04-30,1373,376,45,82,post_120
2021-05-01,2877,103,18,89,post_121
2021-05-02,1560,354,49,3,post_122
2021-05-03,2329,144,7,37,post_123
2021-05-04,2605,109,26,7,post_124
2021-05-05,3217,386,49,29,post_125
2021-05-06,2699,204,46,78,post_126
2021-05-07,2472,174,29,11,post_127
2021-05-08,4167,213,3,73,post_128
2021-05-09,4269,108,10,11,post_129
2021-05-10,4678,483,20,16,post_130
2021-05-11,1256,156,42,60,post_131
2021-05-12,2905,251,1,63,post_132
2021-05-13,4762,350,20,59,post_133
2021-05-14,2316,319,16,1,post_134
2021-05-15,2954,427,42,18,post_135
2021-05-16,1816,376,28,53,post_136
2021-05-17,4933,88,26,28,post_137
2021-05-18,3435,217,23,64,post_138
2021-05-19,2634,186,48,85,post_139
2021-05-20,4626,63,2,88,post_140
2021-05-21,1973,441,38,73,post_141
2021-05-22,1368,258,9,8,post_142
2021-05-23,3023,72,2,82,post_143
2021-05-24,3965,385,44,11,post_144
2021-05-25,1201,314,41,92,post_145
2021-05-26,3431,277,25,51,post_146
2021-05-27,2536,312,36,81,post_147
2021-05-28,2930,259,26,55,post_148
2021-05-29,3418,110,4,15,post_149
2021-05-30,1555,450,41,3,post_150
2021-05-31,1954,106,10,88,post_151
2021-06-01,4455,420,12,85,post_152
2021-06-02,3071,287,40,28,post_153
2021-06-03,2723,201,33,58,post_154
2021-06-04,1130,330,37,85,post_155
2021-06-05,3425,54,39,78,post_156
2021-06-06,3146,150,32,65,post_157
2021-06-07,4646,355,33,76,post_158
2021-06-08,1931,393,26,11,post_159
2021-06-09,3782,80,35,25,post_160
2021-06-10,3171,104,25,11,post_161
2021-06-11,2987,203,24,90,post_162
2021-06-12,3642,326,18,34,post_163
2021-06-13,2966,403,20,1,post_164
2021-06-14,3787,407,30,16,post_165
2021-06-15,4220,235,28,1,post_166
2021-06-16,1209,457,8,16,post_167
2021-06-17,3610,461,18,33,post_168
2021-06-18,2435,79,25,33,post_169
2021-06-19,3830,467,24,44,post_170
2021-06-20,4113,421,39,40,post_171
2021-06-21,4130,359,42,72,post_172
2021-06-22,3753,169,28,77,post_173
2021-06-23,4108,485,24,83,post_174
2021-06-24,3826,392,18,32,post_175
2021-06-25,1086,57,3,23,post_176
2021-06-26,4115,155,44,68,post_177
2021-06-27,1872,187,19,31,post_178
2021-06-28,3059,232,45,22,post_179
2021-06-29,3818,434,0,64,post_180
2021-06-30,1307,389,10,31,post_181
2021-07-01,2104,426,3,79,post_182
2021-07-02,3080,470,6,83,post_183
2021-07-03,2206,259,27,15,post_184
2021-07-04,2152,198,35,51,post_185
2021-07-05,3854,423,6,12,post_186
2021-07-06,1275,309,19,45,post_187
2021-07-07,2198,176,34,10,post_188
2021-07-08,2578,348,38,80,post_189
2021-07-09,2395,115,20,70,post_190
2021-07-10,2208,70,43,21,post_191
2021-07-11,3492,342,0,94,post_192
2021-07-12,3536,374,36,67,post_193
2021-07-13,4661,162,45,80,post_194
2021-07-14,3334,481,41,64,post_195
2021-07-15,2304,188,2,1,post_196
2021-07-16,1637,287,33,50,post_197
2021-07-17,1770,410,12,96,post_198
2021-07-18,4587,397,15,82,post_199
2021-07-19,1094,93,33,82,post_200
2021-07-20,4298,113,23,57,post_201
2021-07-21,2899,465,12,22,post_202
2021-07-22,4341,454,5,15,post_203
2021-07-23,2904,315,38,15,post_204
2021-07-24,3344,494,1,28,post_205
2021-07-25,2352,141,10,71,post_206
2021-07-26,4091,161,6,27,post_207
2021-07-27,1607,469,6,88,post_208
2021-07-28,4912,389,38,57,post_209
2021-07-29,2434,382,38,58,post_210
2021-07-30,3498,324,11,88,post_211
2021-07-31,2272,419,21,76,post_212
2021-08-01,1180,380,2,13,post_213
2021-08-02,3371,276,12,18,post_214
2021-08-03,4052,275,29,78,post_215
2021-08-04,4901,477,9,78,post_216
2021-08-05,4854,181,8,20,post_217
2021-08-06,4936,446,5,71,post_218
2021-08-07,4332,278,43,55,post_219
2021-08-08,1749,364,1,44,post_220
2021-08-09,3187,435,43,91,post_221
2021-08-10,2020,419,15,44,post_222
2021-08-11,3646,178,12,15,post_223
2021-08-12,4533,345,47,87,post_224
2021-08-13,3937,74,12,75,post_225
2021-08-14,2645,236,21,77,post_226
2021-08-15,1843,342,18,29,post_227
2021-08-16,3744,405,25,95,post_228
2021-08-17,2552,375,13,82,post_229
2021-08-18,4224,184,30,4,post_230
2021-08-19,1925,53,28,28,post_231
2021-08-20,3197,276,44,65,post_232
2021-08-21,2134,427,41,49,post_233
2021-08-22,1025,218,21,49,post_234
2021-08-23,2488,494,6,87,post_235
2021-08-24,1956,467,36,57,post_236
2021-08-25,2913,334,48,80,post_237
2021-08-26,3934,374,40,41,post_238
2021-08-27,2141,76,26,90,post_239
2021-08-28,2469,274,30,66,post_240
2021-08-29,2619,298,5,47,post_241
2021-08-30,3721,415,15,17,post_242
2021-08-31,2896,485,37,20,post_243
2021-09-01,1928,251,37,38,post_244
2021-09-02,4300,487,49,64,post_245
2021-09-03,2531,247,31,6,post_246
2021-09-04,3811,467,32,22,post_247
2021-09-05,3169,185,48,79,post_248
2021-09-06,2350,175,16,74,post_249
2021-09-07,1469,144,32,34,post_250
2021-09-08,3335,122,10,40,post_251
2021-09-09,1525,296,12,38,post_252
2021-09-10,2863,390,29,21,post_253
2021-09-11,2720,185,0,34,post_254
2021-09-12,2176,245,29,32,post_255
2021-09-13,1591,263,26,42,post_256
2021-09-14,3089,158,39,44,post_257
2021-09-15,3322,373,22,99,post_258
2021-09-16,4624,152,19,41,post_259
2021-09-17,4510,390,5,27,post_260
2021-09-18,1207,377,36,48,post_261
2021-09-19,3827,133,19,10,post_262
2021-09-20,1166,273,36,68,post_263
2021-09-21,3159,306,5,17,post_264
2021-09-22,4421,183,28,3,post_265
2021-09-23,2153,397,12,94,post_266
2021-09-24,3783,157,26,87,post_267
2021-09-25,2910,464,49,29,post_268
2021-09-26,3860,57,19,30,post_269
2021-09-27,1216,199,12,75,post_270
2021-09-28,4453,442,38,66,post_271
2021-09-29,1024,221,7,93,post_272
2021-09-30,1067,96,16,60,post_273
2021-10-01,4026,50,29,7,post_274
2021-10-02,2007,410,0,51,post_275
2021-10-03,4843,229,23,73,post_276
2021-10-04,3282,88,15,87,post_277
2021-10-05,2740,139,10,64,post_278
2021-10-06,3022,124,3,17,post_279
2021-10-07,1291,276,3,40,post_280
2021-10-08,2750,173,16,21,post_281
2021-10-09,2022,393,48,94,post_282
2021-10-10,3749,146,9,26,post_283
2021-10-11,4781,389,20,15,post_284
2021-10-12,3775,332,37,17,post_285
2021-10-13,3603,256,48,10,post_286
2021-10-14,3080,82,17,17,post_287
2021-10-15,4083,165,9,3,post_288
2021-10-16,2640,403,44,73,post_289
2021-10-17,3260,478,15,29,post_290
2021-10-18,2162,365,38,67,post_291
2021-10-19,2718,363,14,71,post_292
2021-10-20,2445,228,33,80,post_293
2021-10-21,4709,223,4,98,post_294
2021-10-22,4740,283,16,4,post_295
2021-10-23,1623,182,36,61,post_296
2021-10-24,4560,491,7,90,post_297
2021-10-25,1770,143,23,6,post_298
2021-10-26,2563,397,27,32,post_299
2021-10-27,2241,451,46,81,post_300
2021-10-28,3711,469,7,37,post_301
2021-10-29,1821,244,22,27,post_302
2021-10-30,1307,454,34,51,post_303
2021-10-31,2198,479,30,78,post_304
2021-11-01,2172,235,16,59,post_305
2021-11-02,3997,425,27,86,post_306
2021-11-03,2565,214,47,95,post_307
2021-11-04,4651,411,47,8,post_308
2021-11-05,3595,240,11,56,post_309
2021-11-06,1807,54,23,29,post_310
2021-11-07,4465,255,14,28,post_311
2021-11-08,3121,464,39,95,post_312
2021-11-09,1297,415,30,34,post_313
2021-11-10,3967,393,26,58,post_314
2021-11-11,4971,276,34,81,post_315
2021-11-12,4886,469,17,92,post_316
2021-11-13,1730,123,35,16,post_317
2021-11-14,2970,268,7,72,post_318
2021-11-15,3924,489,45,59,post_319
2021-11-16,2795,76,48,7,post_320
2021-11-17,2823,424,37,12,post_321
2021-11-18,3825,72,4,32,post_322
2021-11-19,4466,257,13,84,post_323
2021-11-20,4611,404,37,75,post_324
2021-11-21,1429,140,19,93,post_325
2021-11-22,1199,101,43,40,post_326
2021-11-23,2447,352,8,0,post_327
2021-11-24,2085,258,32,84,post_328
2021-11-25,3389,111,17,92,post_329
2021-11-26,1865,494,5,77,post_330
2021-11-27,4116,353,36,37,post_331
2021-11-28,3850,154,1,47,post_332
2021-11-29,2954,178,29,61,post_333
2021-11-30,2112,444,5,50,post_334
2021-12-01,3081,447,16,68,post_335
2021-12-02,3693,377,38,76,post_336
2021-12-03,3280,144,40,57,post_337
2021-12-04,1767,56,22,4,post_338
2021-12-05,3084,223,30,36,post_339
2021-12-06,2792,295,19,80,post_340
2021-12-07,2483,464,4,82,post_341
2021-12-08,3338,65,20,37,post_342
2021-12-09,1197,219,42,94,post_343
2021-12-10,1894,216,10,35,post_344
2021-12-11,2973,359,3,48,post_345
2021-12-12,2278,477,22,0,post_346
2021-12-13,4152,132,37,49,post_347
2021-12-14,2470,441,29,57,post_348
2021-12-15,1136,270,41,9,post_349
2021-12-16,3237,371,40,50,post_350
2021-12-17,3177,219,17,97,post_351
2021-12-18,3257,372,40,48,post_352
2021-12-19,2392,164,42,12,post_353
2021-12-20,3339,398,30,70,post_354
2021-12-21,2400,384,29,36,post_355
2021-12-22,4419,279,33,99,post_356
2021-12-23,1168,269,30,36,post_357
2021-12-24,2908,296,46,30,post_358
2021-12-25,3852,150,37,19,post_359
2021-12-26,1176,465,24,38,post_360
2021-12-27,2561,271,16,44,post_361
2021-12-28,1323,228,35,35,post_362
2021-12-29,4943,224,39,14,post_363
2021-12-30,1508,143,29,29,post_364
2021-12-31,3851,164,1,51,post_365
